{
  "TranslationProperties": {
    "Name": "server.items.Furniture_Temple_Wind_Chest_Large.name"
  },
  "PlayerAnimationsId": "Block",
  "Categories": [
    "Furniture.Containers"
  ],
  "Set": "Furniture_Temple_Wind",
  "IconProperties": {
    "Rotation": [
      22.5,
      45,
      22.5
    ],
    "Scale": 0.5,
    "Translation": [
      13,
      -9
    ]
  },
  "BlockType": {
    "BlockParticleSetId": "Stone",
    "BlockSoundSetId": "Stone",
    "CustomModel": "Blocks/Decorative_Sets/Temple_Wind/Chest.blockymodel",
    "CustomModelTexture": [
      {
        "Texture": "Blocks/Decorative_Sets/Temple_Wind/Chest_Texture.png",
        "Weight": 1
      }
    ],
    "DrawType": "Model",
    "Flags": {
      "IsUsable": true
    },
    "Gathering": {
      "Breaking": {
        "GatherType": "Rocks",
        "DropList": {
          "Container": {
            "Type": "Single",
            "Item": {
              "ItemId": "Furniture_Temple_Wind_Chest_Small",
              "QuantityMin": 2,
              "QuantityMax": 2
            }
          }
        }
      }
    },
    "HitboxType": "Chest_Large",
    "Material": "Solid",
    "Opacity": "Transparent",
    "ParticleColor": "#cca159",
    "State": {
      "Id": "container",
      "Capacity": 36,
      "Definitions": {
        "CloseWindow": {
          "InteractionSoundEventId": "SFX_Chest_Wooden_Close",
          "CustomModelAnimation": "Blocks/Animations/Chest/Chest_Close.blockyanim"
        },
        "OpenWindow": {
          "InteractionSoundEventId": "SFX_Chest_Wooden_Open",
          "CustomModelAnimation": "Blocks/Animations/Chest/Chest_Open.blockyanim"
        }
      }
    },
    "Supporting": {
      "Up": [
        {
          "FaceType": "Full"
        }
      ]
    },
    "Support": {
      "Down": [
        {
          "FaceType": "Full",
          "Support": "Ignored"
        }
      ]
    },
    "VariantRotation": "NESW",
    "Interactions": {
      "Primary": "Break_Container",
      "Use": "Open_Container"
    }
  },
  "Icon": "Icons/ItemsGenerated/Furniture_Temple_Wind_Chest_Large.png",
  "Tags": {
    "Type": [
      "Furniture"
    ],
    "Family": [
      "Temple"
    ]
  },
  "Scale": 0.6,
  "Variant": true,
  "ItemSoundSetId": "ISS_Blocks_Stone",
  "MaxStack": 10
}