{
  "TranslationProperties": {
    "Name": "server.items.Furniture_Feran_Chest_Small.name"
  },
  "PlayerAnimationsId": "Block",
  "Categories": [
    "Furniture.Containers"
  ],
  "Set": "Furniture_Feran",
  "Icon": "Icons/ItemsGenerated/Furniture_Feran_Chest_Small.png",
  "IconProperties": {
    "Rotation": [
      22.5,
      45,
      22.5
    ],
    "Scale": 0.5,
    "Translation": [
      -12,
      -21.6
    ]
  },
  "BlockType": {
    "BlockParticleSetId": "Wood",
    "BlockSoundSetId": "Bone",
    "CustomModel": "Blocks/Decorative_Sets/Feran/Chest_Small.blockymodel",
    "CustomModelTexture": [
      {
        "Texture": "Blocks/Decorative_Sets/Feran/Chest_Small_Texture.png",
        "Weight": 1
      }
    ],
    "DrawType": "Model",
    "Flags": {
      "IsUsable": true
    },
    "Gathering": {
      "Breaking": {
        "GatherType": "Woods"
      }
    },
    "Material": "Solid",
    "Opacity": "Transparent",
    "ParticleColor": "#c7b885",
    "ConnectedBlockRuleSet": {
      "Type": "CustomTemplate",
      "TemplateShapeAssetId": "ChestConnectedBlockTemplate",
      "TemplateShapeBlockPatterns": {
        "Default": "Furniture_Feran_Chest_Small",
        "Double": "Furniture_Feran_Chest_Large"
      }
    },
    "State": {
      "Id": "container",
      "Capacity": 18,
      "Definitions": {
        "CloseWindow": {
          "InteractionSoundEventId": "SFX_Chest_Wooden_Close",
          "CustomModelAnimation": "Blocks/Animations/Chest/Chest_Close.blockyanim"
        },
        "OpenWindow": {
          "InteractionSoundEventId": "SFX_Chest_Wooden_Open",
          "CustomModelAnimation": "Blocks/Animations/Chest/Chest_Open.blockyanim"
        }
      }
    },
    "Supporting": {
      "Up": [
        {
          "FaceType": "Full"
        }
      ]
    },
    "Support": {
      "Down": [
        {
          "FaceType": "Full",
          "Support": "Ignored"
        }
      ]
    },
    "VariantRotation": "NESW",
    "Interactions": {
      "Primary": "Break_Container",
      "Use": "Open_Container"
    }
  },
  "Tags": {
    "Type": [
      "Furniture"
    ],
    "Family": [
      "Feran"
    ]
  },
  "Recipe": {
    "KnowledgeRequired": false,
    "Input": [
      {
        "Quantity": 3,
        "ResourceTypeId": "Clays"
      },
      {
        "Quantity": 2,
        "ResourceTypeId": "Bone"
      },
      {
        "ItemId": "Ingredient_Leather_Light",
        "Quantity": 2
      }
    ],
    "BenchRequirement": [
      {
        "Type": "Crafting",
        "Id": "Furniture_Bench",
        "Categories": [
          "Furniture_Storage"
        ]
      }
    ],
    "RequiredMemoriesLevel": 3
  },
  "ItemSoundSetId": "ISS_Blocks_Wood",
  "ItemLevel": 12,
  "MaxStack": 10
}